<?xml version="1.0" encoding="UTF-8"?>
<project-private xmlns="http://www.netbeans.org/ns/project-private/1">
    <editor-bookmarks xmlns="http://www.netbeans.org/ns/editor-bookmarks/2" lastBookmarkId="0"/>
    <open-files xmlns="http://www.netbeans.org/ns/projectui-open-files/2">
        <group>
            <file>file:/C:/Users/roosh/Documents/NetBeansProjects/Lab03/src/lab03/FormingTables.java</file>
            <file>file:/C:/Users/roosh/Documents/NetBeansProjects/Lab03/src/lab03/Table.java</file>
            <file>file:/C:/Users/roosh/Documents/NetBeansProjects/Lab03/src/lab03/Priorty.java</file>
            <file>file:/C:/Users/roosh/Documents/NetBeansProjects/Lab03/test/lab03/RestaurantTest.java</file>
            <file>file:/C:/Users/roosh/Documents/NetBeansProjects/Lab03/src/lab03/Order.java</file>
            <file>file:/C:/Users/roosh/Documents/NetBeansProjects/Lab03/src/lab03/Lab03.java</file>
            <file>file:/C:/Users/roosh/Documents/NetBeansProjects/Lab03/src/lab03/Restaurant.java</file>
        </group>
    </open-files>
</project-private>
