<?xml version='1.0' encoding='UTF-8'?>  
    <!DOCTYPE hibernate-mapping PUBLIC  
     "-//Hibernate/Hibernate Mapping DTD 3.0//EN"  
     "http://hibernate.sourceforge.net/hibernate-mapping-3.0.dtd">  
      
     <hibernate-mapping>  
      <class name="City" table="Cities">  
        <id name="id">  
         <generator class="assigned"></generator>  
        </id>  
                
        <property name="id"></property>  
        <property name="country"></property> 
        <property name="region"></property>  
        <property name="city"></property> 
        <property name="postalcode"></property>  
        <property name="lat"></property> 
        <property name="lon"></property>  
        <property name="metrocode"></property> 
        <property name="areacode"></property>   
                
      </class>  
                
     </hibernate-mapping> 
